{
    "loss": 0.914801299571991,
    "accuracy": 0.9136690497398376
}