{
    "loss": 1.4812296628952026,
    "accuracy": 0.9568345546722412
}