{
    "loss": 9.3413667678833,
    "accuracy": 0.7553957104682922
}